title,firstname,lastname,birthday,email1,email2,tel1,tel2,tel3,address
นาย,ศิริพล,ปัญญาธิโป,09/09/2537,siriphon@gmail.com,siriphon@hotmail.com,0954200969,0851499266,,ลาดพร้าว 40 ถนนลาดพร้าว จตุจักร กรุงเทพ
นาย,อัลเล็น,วิกเกอร์,12/10/2532,anlenV@mail.com,anlenVk@hmail.com,0987654352,0876584537,,มาเก๊า เขต 12 ฮ่องกง 
นาย,ลีโอนาร์ด,เซอร์วาส,13/12/2532,leoSer@gmail.com,leoSer@hmail.com,0987654231,0997654231,,เอเธน ถนน 112 กรีก
นาย,มาซิโอ,ไมนอฟ,10/09/2531,mazy@gmail.com,mazy@hmail.com,0928323012,0938323032,,สุขุมวิท 12 สุขุมวิท กรุงเทพ
นางสาว,ฟิลิปดา,คาร์ริค,13/07/2540,filipdaK@gmail.com,filipdaK@hmail.com,0675432101,0695832102,,ลอนดอน ถนน 82 อังกฤษ
นางสาว,มิรัน,โดโนแวน,10/10/2531,miranDono@gmail.com,miranDono@hmail.com,0865432222,0885432222,,รัชดาภิเษก 22 ถนนรัชดาภิเษก กรุงเทพ
นาย,ศิริพล,ปัญญาธิโป,09/09/2537,siriphon@gmail.com,siriphon@hotmail.com,0954200969,0851499266,,ลาดพร้าว 40 ถนนลาดพร้าว จตุจักร กรุงเทพ
นาย,อัลเล็น,วิกเกอร์,12/10/2532,anlenV@mail.com,anlenVk@hmail.com,0987654352,0876584537,,มาเก๊า เขต 12 ฮ่องกง 
นาย,ลีโอนาร์ด,เซอร์วาส,13/12/2532,leoSer@gmail.com,leoSer@hmail.com,0987654231,0997654231,,เอเธน ถนน 112 กรีก
นาย,มาซิโอ,ไมนอฟ,10/09/2531,mazy@gmail.com,mazy@hmail.com,0928323012,0938323032,,สุขุมวิท 12 สุขุมวิท กรุงเทพ
นางสาว,ฟิลิปดา,คาร์ริค,13/07/2540,filipdaK@gmail.com,filipdaK@hmail.com,0675432101,0695832102,,ลอนดอน ถนน 82 อังกฤษ
นางสาว,มิรัน,โดโนแวน,10/10/2531,miranDono@gmail.com,miranDono@hmail.com,0865432222,0885432222,,รัชดาภิเษก 22 ถนนรัชดาภิเษก กรุงเทพ